VK,IK,JK,LOGVK,LOGJK,LNJK,der,eta
0.017,5.63E-11,2.82E-05,-1.769551079,-4.550213153,-10.47725298,46.22546881,0.836119157
0.033,1.19E-10,5.96E-05,-1.48148606,-4.224899501,-9.728190611,38.26329599,1.010106396
0.05,2.03E-10,0.00010137,-1.301029996,-3.994090554,-9.196733369,29.80348737,1.296828103
0.067,2.98E-10,0.00014917,-1.173925197,-3.82631851,-8.810423963,23.06935619,1.675382689
0.084,4.28E-10,0.000214205,-1.075720714,-3.669170396,-8.448577058,19.83619656,1.948458208
0.1,5.74E-10,0.0002869,-1,-3.542269452,-8.156376835,18.43663267,2.096369803
0.117,7.7E-10,0.000384885,-0.931814138,-3.414669014,-7.86256597,17.47236101,2.2120651
0.134,1.03E-09,0.000517075,-0.872895202,-3.286446459,-7.567322626,16.73710466,2.309240504
0.15,1.36E-09,0.000680405,-0.823908741,-3.167232504,-7.292822349,16.12942867,2.396241106
0.167,1.75E-09,0.000874685,-0.777283529,-3.058148321,-7.041646736,15.59799844,2.477882027
0.184,2.27E-09,0.00113535,-0.735182177,-2.944870236,-6.780814306,15.30691067,2.525003303
0.2,2.92E-09,0.00146132,-0.698970004,-2.835254672,-6.528415142,15.21464291,2.540315947
0.217,3.78E-09,0.00188918,-0.663540266,-2.723726661,-6.271612406,15.09098042,2.561132474
0.234,4.83E-09,0.002413575,-0.630784143,-2.617339201,-6.026646228,14.93655747,2.587610972
0.251,6.27E-09,0.003137425,-0.600326279,-2.503426647,-5.764352879,14.84717216,2.603189321
0.267,7.95E-09,0.00397583,-0.573488739,-2.400572194,-5.527521748,14.76318225,2.617999246
0.284,1.02E-08,0.0050861,-0.54668166,-2.293615105,-5.28124395,14.5171671,2.662365167
0.301,1.3E-08,0.0064974,-0.521433504,-2.187260396,-5.036353182,14.22666582,2.716729308
0.317,1.64E-08,0.0081889,-0.498940738,-2.086774432,-4.8049757,13.97407212,2.765836592
0.334,2.06E-08,0.01028675,-0.476253533,-1.987721815,-4.57689862,13.82050999,2.79656829
0.351,2.59E-08,0.0129714,-0.454692884,-1.887013148,-4.345008345,13.63288125,2.835057336
0.367,3.25E-08,0.0162594,-0.435333936,-1.788895485,-4.119084076,13.6350606,2.834604197
0.384,4.07E-08,0.0203349,-0.415668776,-1.691757959,-3.895416657,13.28737982,2.908775134
0.401,5.13E-08,0.02564425,-0.396855627,-1.591009998,-3.663435904,12.92873361,2.989465261
0.418,6.3E-08,0.0315021,-0.378823718,-1.501660494,-3.457701069,12.78086119,3.024052873
0.434,7.74E-08,0.0387247,-0.36251027,-1.412011938,-3.25127764,12.50555321,3.090626968
0.451,9.62E-08,0.04812485,-0.345823458,-1.317630611,-3.033956603,12.40201194,3.116429832
0.468,1.18E-07,0.058944,-0.329754147,-1.229560396,-2.831167438,12.09601411,3.195267438
0.484,1.43E-07,0.071478,-0.315154638,-1.145827608,-2.638365569,11.71416627,3.299423886
0.501,1.75E-07,0.0873035,-0.300162274,-1.058968345,-2.438364725,11.43787302,3.379124767
0.518,2.1E-07,0.105082,-0.28567024,-0.97847167,-2.253014281,11.15516488,3.464762772
0.534,2.51E-07,0.125626,-0.272458743,-0.900920468,-2.07444604,10.83602066,3.566807523
0.551,3.03E-07,0.1513185,-0.258848401,-0.820107972,-1.888368392,10.62138835,3.638883988
0.568,3.59E-07,0.1796995,-0.245651664,-0.745453131,-1.716469268,10.28077124,3.75944558
0.585,4.29E-07,0.2142765,-0.232844134,-0.669025456,-1.540488042,9.854657788,3.922003263
0.601,5.01E-07,0.250523,-0.221125528,-0.601152396,-1.384204546,9.601766423,4.025301002
0.618,5.84E-07,0.2921115,-0.209011525,-0.534451345,-1.2306197,9.217696546,4.193021522
0.635,6.86E-07,0.3427985,-0.197226275,-0.464961087,-1.070612468,8.874123607,4.355359663
0.651,7.87E-07,0.3936795,-0.186419011,-0.4048572,-0.932218152,8.541662444,4.524880286
0.668,9.06E-07,0.453122,-0.175223538,-0.343784851,-0.791593874,8.080469978,4.783137628
0.685,1.04E-06,0.5177895,-0.164309429,-0.285846761,-0.65818649,7.630066173,5.065486868
0.701,1.17E-06,0.584535,-0.154281982,-0.23318948,-0.53693862,7.285844509,5.304807144
0.718,1.31E-06,0.656225,-0.143875556,-0.182947228,-0.421251561,6.836936015,5.653117115
0.735,1.48E-06,0.73891,-0.133712661,-0.131408456,-0.302579152,6.386775625,6.051566905
0.752,1.63E-06,0.817135,-0.123782159,-0.087706187,-0.201950959,5.986897264,6.455764697
0.768,1.79E-06,0.89653,-0.11463878,-0.047435173,-0.109223523,5.564899422,6.945318696
0.785,1.97E-06,0.983265,-0.105130343,-0.00732942,-0.016876612,5.203188016,7.428138265
0.802,2.14E-06,1.071235,-0.095825632,0.029884754,0.068812188,4.834237648,7.995055852
0.818,2.3E-06,1.151285,-0.087246696,0.061182846,0.14087871,4.482590425,8.622246588
0.835,2.48E-06,1.24163,-0.078313525,0.093992197,0.216425033,4.1320219,9.353774238
0.852,2.65E-06,1.326775,-0.069560405,0.12279728,0.282751186,3.898097407,9.915093432
0.868,2.81E-06,1.40609,-0.061480275,0.14801312,0.340812803,3.641098172,10.61492939
0.885,3E-06,1.49889,-0.053056729,0.175769762,0.404724834,3.389412015,11.40315778
0.902,3.16E-06,1.582485,-0.044793462,0.199339602,0.458996396,3.194020604,12.10073596
0.919,3.32E-06,1.661525,-0.036684489,0.22050688,0.507735855,3.014011514,12.82344139
0.935,3.49E-06,1.74736,-0.029188389,0.24238239,0.558106077,2.929638029,13.19275611
0.952,3.67E-06,1.834905,-0.021363052,0.263613584,0.606992709,2.886530979,13.38977488
0.969,3.85E-06,1.92294,-0.013676223,0.283965733,0.653855265,2.777540835,13.91518696
0.985,4.03E-06,2.012705,-0.00656377,0.303780125,0.699479588,2.703248538,14.29761247
1.002,4.21E-06,2.10425,0.000867722,0.323097336,0.743959109,2.674690215,14.45027158
1.019,4.4E-06,2.1978,0.008174184,0.341988169,0.78745686,2.582991192,14.96327209
1.035,4.6E-06,2.297705,0.01494035,0.361294269,0.831910799,2.525682793,15.30279262
1.052,4.78E-06,2.390165,0.02201574,0.378427883,0.871362401,2.5251223,15.30618933
1.069,4.98E-06,2.490995,0.028977705,0.396372856,0.912682229,2.467702543,15.66234152
1.086,5.22E-06,2.60973,0.035829825,0.416595578,0.959246768,2.45090575,15.76968025
1.102,5.41E-06,2.705155,0.042181595,0.432192154,0.995159212,2.436523268,15.86276663
1.119,5.63E-06,2.81508,0.048830087,0.449490741,1.03499068,2.3667066,16.33071037
1.136,5.88E-06,2.93909,0.055378331,0.468212885,1.07810001,2.391973869,16.15820327
1.152,6.09E-06,3.047055,0.061452479,0.483880293,1.11417555,2.38477122,16.20700539
1.169,6.35E-06,3.17504,0.067814511,0.501749201,1.155320231,2.312105683,16.71636392
1.186,6.61E-06,3.30492,0.074084689,0.519160951,1.195412267,2.24084907,17.24792648
1.202,6.84E-06,3.418995,0.079904468,0.533898466,1.229346648,2.19039249,17.64523946
1.219,7.08E-06,3.541665,0.086003706,0.54920748,1.264596956,2.184173553,17.69548027
1.236,7.36E-06,3.6823,0.092018471,0.566119168,1.303537557,2.172301119,17.79219265
1.253,7.65E-06,3.826435,0.097951071,0.58279434,1.34193356,2.169000613,17.81926652
1.269,7.9E-06,3.947935,0.103461622,0.596369994,1.373192657,2.117775678,18.25028043
1.286,8.2E-06,4.100055,0.109240969,0.612789683,1.411000388,2.077468527,18.6043733
1.303,8.49E-06,4.24503,0.114944416,0.627880764,1.445748887,2.092374017,18.47184093
1.319,8.77E-06,4.384415,0.120244796,0.641911655,1.478056208,2.047505418,18.87662892
1.336,9.09E-06,4.546835,0.125806458,0.657709194,1.514431387,2.026135278,19.07572531
1.353,9.4E-06,4.700175,0.131297797,0.672114028,1.547599742,2.019460303,19.1387768
1.369,9.7E-06,4.850765,0.136403448,0.685810235,1.579136424,1.986063843,19.46060301
1.386,1E-05,5.02466,0.14176323,0.70110668,1.61435779,2.007735777,19.25054105
1.403,1.04E-05,5.19086,0.147057671,0.715239316,1.646899387,1.950131772,19.81917353
1.42,1.08E-05,5.378385,0.152288344,0.730651887,1.682388143,1.881170645,20.54571716
1.436,1.1E-05,5.5239,0.15715444,0.742245808,1.709084133,1.865260669,20.72096444
1.453,1.14E-05,5.70025,0.162265614,0.755893903,1.740510034,1.839820673,21.00748217
1.47,1.18E-05,5.89145,0.167317335,0.770222196,1.773502147,1.843451611,20.96610498
1.486,1.21E-05,6.06695,0.172018809,0.782970416,1.802856008,1.811501061,21.33589697
1.503,1.25E-05,6.24625,0.176958981,0.795619362,1.831981284,1.769434996,21.84313077
1.52,1.29E-05,6.439,0.181843588,0.808818425,1.862373249,1.74526841,22.14559078
1.536,1.32E-05,6.62345,0.186391216,0.821084262,1.890616382,1.756792524,22.00032131
1.553,1.36E-05,6.8162,0.191171456,0.833542325,1.919302132,1.736042325,22.26328208
1.57,1.41E-05,7.0301,0.195899652,0.846961503,1.95020093,1.724465753,22.41273851
1.587,1.45E-05,7.23105,0.200576927,0.859201365,1.978384254,1.726507687,22.38623105
1.603,1.49E-05,7.4332,0.204933522,0.871175818,2.005956452,1.702198237,22.70593351
1.62,1.53E-05,7.65695,0.209515015,0.884055811,2.035613732,1.667251643,23.18186349
1.637,1.58E-05,7.8753,0.214048679,0.896267107,2.063731279,1.637350678,23.60520598
1.653,1.61E-05,8.06765,0.218272854,0.906747049,2.087862238,1.618087927,23.8862174
1.67,1.66E-05,8.303,0.222716471,0.919235038,2.116616895,1.617242512,23.89870394
1.687,1.71E-05,8.53615,0.227115083,0.931262038,2.144310086,1.610928567,23.99237359
1.703,1.75E-05,8.7558,0.231214648,0.942295833,2.169716338,1.590328104,24.30316103
1.72,1.8E-05,8.9885,0.235528447,0.953687223,2.195945983,1.573575853,24.56189191
1.737,1.85E-05,9.24025,0.239799818,0.965683721,2.223568942,1.556829504,24.82609681
1.754,1.9E-05,9.4835,0.244029589,0.976968649,2.249553446,1.550812076,24.92242652
1.77,1.94E-05,9.71555,0.247973266,0.987467391,2.273727695,1.550764288,24.92319452
1.787,2E-05,9.97815,0.252124553,0.999050028,2.300397702,1.531391982,25.23847614
1.804,2.05E-05,10.2544,0.256236533,1.010910254,2.327706882,1.521646894,25.40011099
1.82,2.1E-05,10.4818,0.260071388,1.020435869,2.34964042,1.500785416,25.75318203
1.837,2.15E-05,10.7642,0.264109156,1.031981758,2.376225813,1.480817476,26.10044832
1.854,2.21E-05,11.0387,0.26810973,1.042917931,2.40140728,1.488844972,25.95972095
1.87,2.26E-05,11.29895,0.271841607,1.053038087,2.424709801,1.461124542,26.45222832
1.887,2.32E-05,11.58585,0.2757719,1.063927901,2.449784526,1.44177618,26.8072122
1.904,2.37E-05,11.8699,0.279666944,1.07444706,2.474005784,1.443140616,26.78186697
1.921,2.43E-05,12.15595,0.283527365,1.084788905,2.497818762,1.433788739,26.95655152
1.937,2.49E-05,12.45245,0.287129621,1.095254807,2.521917391,1.434882374,26.93600584
1.954,2.55E-05,12.75025,0.290924559,1.1055187,2.545550879,1.425548555,27.11237009
1.971,2.61E-05,13.06515,0.294686624,1.1161144,2.56994838,1.398961332,27.62763995
1.987,2.67E-05,13.3582,0.298197867,1.125747941,2.592130428,1.394700726,27.71203835
2.004,2.73E-05,13.67365,0.301897717,1.135884459,2.615470623,1.379777623,28.01176026
2.021,2.8E-05,14.00215,0.305566314,1.146194726,2.639210889,1.374580643,28.11766644
2.037,2.86E-05,14.30955,0.308991029,1.155625976,2.660927147,1.352856395,28.56918158
2.054,2.93E-05,14.6464,0.312600439,1.165730891,2.684194571,1.352180354,28.58346513
2.071,2.99E-05,14.96715,0.316180099,1.175139111,2.7058578,1.347978767,28.67255846
2.088,3.07E-05,15.33835,0.319730494,1.185778644,2.730356228,1.343909843,28.75936969
2.104,3.13E-05,15.65925,0.323045735,1.194770958,2.751061797,1.335582196,28.93869064
2.121,3.2E-05,16.01955,0.326540669,1.204650312,2.773809851,1.307269516,29.5654412
2.138,3.27E-05,16.37145,0.330007701,1.214087146,2.795538964,1.32325285,29.20832553
2.154,3.34E-05,16.72025,0.333245699,1.223242767,2.81662056,1.315418388,29.38228654
2.171,3.42E-05,17.11745,0.336659823,1.233439068,2.840098411,1.299966955,29.73152498
2.188,3.5E-05,17.48555,0.340047318,1.242679297,2.861374826,1.283220814,30.11952391
2.204,3.57E-05,17.833,0.34321159,1.25122441,2.881050673,1.27173411,30.39157297
2.221,3.65E-05,18.23495,0.346548559,1.260904577,2.903340082,1.275204916,30.3088543
2.238,3.73E-05,18.64095,0.349860082,1.270468042,2.925360774,1.277613262,30.25172103
2.255,3.81E-05,19.03585,0.353146546,1.279572274,2.946324043,1.252979681,30.8464699
2.271,3.89E-05,19.4319,0.356217134,1.288515267,2.966916046,1.231322615,31.38901172
2.288,3.97E-05,19.831,0.35945602,1.297344615,2.98724637,1.254929592,30.79854061
2.305,4.05E-05,20.24015,0.36267093,1.306213727,3.007668255,1.250946251,30.89661124
2.321,4.14E-05,20.70005,0.36567514,1.315971394,3.030136116,1.239672678,31.17758476
2.338,4.22E-05,21.11335,0.368844507,1.324557147,3.049905542,1.213583716,31.8478235
2.355,4.31E-05,21.5322,0.371990911,1.333088405,3.069549489,1.17817181,32.80506262
2.371,4.39E-05,21.9489,0.374931554,1.34141276,3.088717024,1.186303721,32.58018947
2.388,4.48E-05,22.4002,0.378034322,1.350251896,3.109069887,1.205917394,32.05028818
2.405,4.57E-05,22.8563,0.381115081,1.359005928,3.12922679,1.205626172,32.05802999
2.422,4.67E-05,23.3507,0.384174139,1.368299904,3.150626962,1.185330632,32.60693594
2.438,4.76E-05,23.7885,0.387033701,1.376367058,3.169202271,1.178410623,32.79841445
2.455,4.85E-05,24.2434,0.390051496,1.384593527,3.188144415,1.180895068,32.72941099
2.472,4.95E-05,24.7496,0.393048466,1.393568184,3.208809327,1.156425626,33.42195049
2.488,5.05E-05,25.2505,0.395850376,1.402269982,3.228845958,1.151025565,33.57875028
2.505,5.14E-05,25.6751,0.39880773,1.409512144,3.245521651,1.136748865,34.00047379
2.522,5.24E-05,26.20095,0.401745082,1.418317038,3.26579567,1.125713699,34.33377424
2.538,5.34E-05,26.70125,0.404491618,1.426531593,3.284710381,1.14864844,33.64824141
2.555,5.44E-05,27.19925,0.407390904,1.434556929,3.303189399,1.122908943,34.41953174
2.572,5.55E-05,27.73435,0.410270964,1.443017992,3.322671717,1.108206213,34.87618056
2.589,5.65E-05,28.25035,0.41313205,1.451023833,3.341105847,1.100193702,35.13017746
2.605,5.75E-05,28.756,0.415807728,1.458728475,3.358846441,1.087334465,35.54564049
2.622,5.86E-05,29.2833,0.418632687,1.466620017,3.377017388,1.102146533,35.06793229
2.639,5.97E-05,29.82955,0.42143939,1.474646702,3.395499513,1.105279082,34.96854381
2.655,6.08E-05,30.39475,0.424064525,1.482798576,3.414269896,1.097032472,35.23140926
2.672,6.19E-05,30.95365,0.426836454,1.490711868,3.432490924,1.090988046,35.42660266
2.689,6.3E-05,31.50235,0.429590802,1.498342952,3.450062146,1.070853892,36.09269227
2.705,6.42E-05,32.07815,0.432167269,1.506209314,3.468175113,1.05210247,36.73596547
2.722,6.53E-05,32.64995,0.434888121,1.513882521,3.485843324,1.05274932,36.71339346
2.739,6.64E-05,33.19465,0.437592032,1.521068094,3.502388718,1.03395174,37.38085495
2.756,6.77E-05,33.83085,0.440279213,1.52931291,3.521373108,1.035802415,37.31406633
2.772,6.87E-05,34.3719,0.442793226,1.53620354,3.53723937,1.047040784,36.91355733
2.789,7E-05,34.9843,0.445448514,1.543873189,3.554899389,1.038716824,37.20937132
2.806,7.12E-05,35.62405,0.448087667,1.551743292,3.573020972,1.038589799,37.21392223
2.822,7.24E-05,36.2228,0.450557009,1.558982018,3.589688755,1.033435195,37.39953913
2.839,7.37E-05,36.84095,0.453165393,1.566330821,3.606609998,1.044429286,37.00585622
2.856,7.5E-05,37.50085,0.455758203,1.574041112,3.624363599,1.027864356,37.60223786
2.872,7.64E-05,38.18275,0.458184436,1.581867204,3.642383843,1.014349578,38.10323465
2.889,7.75E-05,38.7717,0.460747542,1.588514844,3.657690599,0.988127637,39.11438012
2.906,7.89E-05,39.43055,0.46329561,1.595832835,3.674540897,0.970862161,39.80997669
2.923,8.02E-05,40.095,0.465828815,1.603090218,3.691251638,0.991149095,38.99514228
2.939,8.15E-05,40.7356,0.468199586,1.609974117,3.707102403,0.987505579,39.13901939
2.956,8.29E-05,41.43635,0.47070443,1.617381493,3.724158515,0.980866759,39.4039248
2.973,8.42E-05,42.12055,0.473194909,1.624494033,3.740535745,0.981658861,39.3721297
2.989,8.55E-05,42.77465,0.475525915,1.631186465,3.755945637,0.972705502,39.73453415
3.006,8.7E-05,43.5176,0.477988976,1.638664936,3.773165454,0.981515578,39.37787728
3.023,8.84E-05,44.2149,0.480438147,1.645568647,3.789061836,0.971839746,39.76993135
3.039,8.99E-05,44.94535,0.4827307,1.652684767,3.805447307,0.960058581,40.25796003
3.056,9.13E-05,45.64995,0.48515335,1.659440306,3.821002512,0.955285132,40.4591244
3.073,9.28E-05,46.4024,0.48756256,1.666540443,3.837351182,0.94142009,41.05499811
3.09,9.43E-05,47.1497,0.489958479,1.673478934,3.853327646,0.926169563,41.73101939
3.106,9.57E-05,47.86355,0.492201451,1.680004907,3.868354254,0.917726682,42.11493548
3.123,9.71E-05,48.5657,0.494571984,1.686329653,3.88291752,0.913672582,42.30180566
3.14,9.87E-05,49.36145,0.496929648,1.693387909,3.899169755,0.911992322,42.37974276
3.156,0.000100174,50.08685,0.499136995,1.699723719,3.913758499,0.912256086,42.36748932
3.173,0.000101719,50.8597,0.501470072,1.706373794,3.929070861,0.922508364,41.89663912
3.19,0.000103258,51.6289,0.503790683,1.712892872,3.944081593,0.920288836,41.99768432
3.206,0.000104977,52.4884,0.505963518,1.720063334,3.960592193,0.917025682,42.14712929
3.223,0.000106485,53.2424,0.508260306,1.726257624,3.974855071,0.900818395,42.90542936
3.24,0.000108134,54.06685,0.51054501,1.732931068,3.990221244,0.879477049,43.94657034
3.257,0.00010973,54.8648,0.512817759,1.7392938,4.004871977,0.88080191,43.88046799
3.273,0.000111339,55.6695,0.514946005,1.745617321,4.019432421,0.880344618,43.90326153
3.29,0.000112953,56.4766,0.517195898,1.751868543,4.033826393,0.884074598,43.71803022
3.307,0.000114711,57.3555,0.519434195,1.75857507,4.049268741,0.873151806,44.26492591
3.323,0.000116336,58.168,0.521530341,1.764684132,4.063335375,0.881561591,43.84265424
3.34,0.000118008,59.004,0.523746467,1.770881454,4.077605238,0.882229453,43.80946459
3.357,0.00011987,59.935,0.525951341,1.77768051,4.093260642,0.87133387,44.35727951
3.373,0.000121593,60.7965,0.528016341,1.783878578,4.107532222,0.863675724,44.75059206
3.39,0.000123263,61.6315,0.530199698,1.789802738,4.121173103,0.83869817,46.08332459
3.407,0.000125065,62.5325,0.532372134,1.796105792,4.135686422,0.833939008,46.34631503
3.424,0.000126819,63.4095,0.534533756,1.802154329,4.149613692,0.851726484,45.3784175
3.44,0.000128572,64.286,0.536558443,1.808116404,4.163341878,0.847207621,45.62045835
3.457,0.000130526,65.263,0.53869938,1.814667033,4.17842526,0.841963457,45.9046051
3.474,0.000132313,66.1565,0.540829814,1.820572521,4.192023147,0.841771077,45.9150962
3.49,0.000134062,67.031,0.542825427,1.826275698,4.205155199,0.829694739,46.58339772
3.507,0.000136101,68.0505,0.544935766,1.832831321,4.220250077,0.843901388,45.79919001
3.524,0.000137931,68.9655,0.5470359,1.838631889,4.23360638,0.833576276,46.36648273
3.54,0.000139909,69.9545,0.549003262,1.844815657,4.247845031,0.810627745,47.67909835
3.557,0.000141764,70.882,0.551083865,1.850535963,4.261016523,0.813188738,47.52894155
3.574,0.000143645,71.8225,0.553154548,1.856260518,4.274197797,0.807807071,47.84558266
3.591,0.000145748,72.874,0.555215405,1.862572608,4.288731922,0.804658072,48.03282455
3.607,0.000147664,73.832,0.557146142,1.868244633,4.301792242,0.810967496,47.65912343
3.624,0.000149545,74.7725,0.559188189,1.873741901,4.31445017,0.799497083,48.34289056
3.641,0.000151741,75.8705,0.561220679,1.880072946,4.32902794,0.798692162,48.39161047
3.657,0.000153641,76.8205,0.56312496,1.88547713,4.341471532,0.797958676,48.4360922
3.674,0.000155728,77.864,0.565139152,1.89133671,4.354963715,0.788726216,49.00306244
3.691,0.000157779,78.8895,0.567144045,1.897019204,4.368048139,0.787544231,49.07660863
3.707,0.000159869,79.9345,0.569022586,1.902734263,4.381207549,0.780371797,49.52767407
3.724,0.000161947,80.9735,0.571009672,1.908342912,4.394121941,0.777125245,49.73458299
3.741,0.000164057,82.0285,0.572987708,1.91396477,4.407066748,0.774817744,49.88269858
3.758,0.000166256,83.128,0.574956776,1.919747332,4.420381589,0.770872385,50.13800047
3.774,0.00016839,84.195,0.576801896,1.925286301,4.433135537,0.786775612,49.1245527
3.791,0.000170482,85.241,0.578753784,1.930648536,4.445482539,0.780715916,49.50584354
3.808,0.000173018,86.509,0.58069694,1.937061292,4.460248455,0.767619257,50.35048252
3.824,0.000174996,87.498,0.582517884,1.941998126,4.471615936,0.774585971,49.89762459
3.841,0.000177213,88.6065,0.584444307,1.947465582,4.484205218,0.768051265,50.32216174
3.858,0.0001797,89.85,0.586362223,1.953518081,4.498141613,0.776067137,49.8023923
3.874,0.000181976,90.988,0.588159616,1.958984119,4.51072763,0.769571466,50.22275608
3.891,0.000184256,92.128,0.590061231,1.964391643,4.523178914,0.747733191,51.68956045
3.908,0.00018661,93.305,0.591954555,1.969904917,4.535873697,0.746198093,51.79589758
3.925,0.000188954,94.477,0.593839661,1.975326094,4.548356419,0.755914246,51.13013839
3.941,0.00019132,95.66,0.595606435,1.980730377,4.560800238,0.750604759,51.49181314
3.958,0.000193825,96.9125,0.59747579,1.986379797,4.57380851,0.749797527,51.54724922
3.975,0.000196164,98.082,0.599337133,1.991589313,4.585803863,0.743986918,51.94983821
3.991,0.00019859,99.295,0.601081728,1.99692738,4.598095217,0.738263073,52.35261173
4.008,0.000201124,100.562,0.602927713,2.002433902,4.610774453,0.745106398,51.87178652
4.025,0.000203593,101.7965,0.604765885,2.007732846,4.622975722,0.732995402,52.72884373
4.041,0.0002061,103.05,0.60648885,2.013047996,4.635214307,0.73010942,52.93727068
4.058,0.000208565,104.2825,0.608312043,2.018211434,4.647103563,0.733262404,52.70964364
4.075,0.000211203,105.6015,0.610127613,2.023670087,4.659672576,0.741955872,52.09204679
4.092,0.000213897,106.9485,0.611935625,2.029174698,4.67234741,0.74149571,52.12437439
4.108,0.000216592,108.296,0.613630435,2.034612416,4.684868219,0.730508016,52.90838586
4.125,0.000219117,109.5585,0.615423953,2.039646078,4.696458653,0.719054676,53.7511281
4.142,0.000221785,110.8925,0.617210095,2.044902174,4.708561264,0.707986253,54.59145548
4.158,0.00022438,112.19,0.618884485,2.049954148,4.720193863,0.723068511,53.45274948
4.175,0.000227068,113.534,0.62065648,2.055125939,4.732102352,0.731300831,52.85102702
4.192,0.000230037,115.0185,0.622421274,2.060767699,4.745092985,0.722283442,53.51084871
4.208,0.000232748,116.374,0.624075731,2.065855962,4.756809143,0.718887764,53.76360806
4.225,0.000235412,117.706,0.625826713,2.070798601,4.76818999,0.708453513,54.55544974
4.242,0.000238335,119.1675,0.627570664,2.076157828,4.780530066,0.715125707,54.0464419
4.259,0.000241267,120.6335,0.62930764,2.081467928,4.792757023,0.72669404,53.18606992
4.275,0.000244131,122.0655,0.630936119,2.086592934,4.804557786,0.727009905,53.16296204
4.292,0.000247151,123.5755,0.632659713,2.091932376,4.816852305,0.719998633,53.68065745
4.309,0.000250219,125.1095,0.634376494,2.097290288,4.829189354,0.716680099,53.92922178
4.325,0.000252989,126.4945,0.635986112,2.102071643,4.840198829,0.709506738,54.47446501
4.342,0.000256178,128.089,0.637689819,2.107511835,4.852725335,0.708209089,54.57427839
4.359,0.000259163,129.5815,0.639386869,2.112543003,4.864310027,0.712269756,54.26314912
4.375,0.000262188,131.094,0.640978057,2.117582815,4.875914623,0.707993069,54.59092994
4.392,0.000265397,132.6985,0.642662331,2.122866014,4.888079638,0.705869713,54.75514713
4.409,0.000268572,134.286,0.644340099,2.128030738,4.899971854,0.708065317,54.5853597
4.426,0.000271698,135.849,0.64601141,2.133056446,4.911543975,0.707133055,54.6573233
4.442,0.000275007,137.5035,0.647578554,2.138313753,4.923649371,0.716227266,53.96331836
4.459,0.000278224,139.112,0.649237472,2.143364594,4.935279364,0.717687266,53.85354013
4.476,0.000281768,140.884,0.650890078,2.148861674,4.947936857,0.697881824,55.38186936
4.492,0.000284894,142.447,0.652439748,2.153653307,4.958970001,0.695766051,55.55028152
4.509,0.000288088,144.044,0.654080235,2.158495173,4.970118808,0.707229663,54.64985704
4.526,0.000291603,145.8015,0.65571455,2.163761992,4.982246108,0.711025782,54.35808511
4.542,0.000295349,147.6745,0.65724713,2.169305509,4.995010527,0.705390696,54.79233029
4.559,0.000298581,149.2905,0.658869592,2.174032173,5.005894072,0.695548493,55.56765686
4.576,0.00030195,150.975,0.660486016,2.178905038,5.01711426,0.690820466,55.94796611
4.593,0.000305746,152.873,0.662096445,2.184330788,5.029607511,0.70694027,54.67222853
4.609,0.000309284,154.642,0.663606708,2.189327458,5.041112768,0.716561341,53.93815961
4.626,0.000312954,156.477,0.665205628,2.194450511,5.052909034,0.702952013,54.98241602
4.643,0.00031685,158.425,0.666798684,2.199823716,5.065281295,0.693690468,55.71649284
4.659,0.000320221,160.1105,0.66829271,2.204419814,5.075864202,0.692686535,55.79724454
4.676,0.000323995,161.9975,0.669874502,2.209508312,5.087580903,0.700170591,55.20083316
4.693,0.000327908,163.954,0.671450554,2.214722017,5.099585901,0.709637258,54.46444587
4.709,0.00033185,165.925,0.67292869,2.219911826,5.111535879,0.71611837,53.97152429
4.726,0.000335723,167.8615,0.674493717,2.2249511,5.123139235,0.708017057,54.58908033
4.743,0.000339933,169.9665,0.676053125,2.230363331,5.135601359,0.695953358,55.53533087
4.76,0.00034383,171.915,0.677606953,2.235313772,5.147000169,0.701879803,55.0664086
4.776,0.00034766,173.83,0.679064318,2.24012473,5.15807781,0.697855018,55.38399667
4.793,0.000352005,176.0025,0.680607429,2.245518837,5.170498199,0.711057358,54.35567123
4.81,0.00035613,178.065,0.682145076,2.250578564,5.182148652,0.709125604,54.50374348
4.826,0.00036037,180.185,0.683587318,2.255718634,5.193984101,0.696844209,55.46433408
4.843,0.000364569,182.2845,0.685114469,2.260749741,5.205568653,0.707523312,54.62717531
4.86,0.000368742,184.371,0.686636269,2.265692611,5.216950032,0.709918508,54.44286855
4.876,0.000373364,186.682,0.688063697,2.271102445,5.229406635,0.714829147,54.06886406
4.893,0.000377832,188.916,0.689575216,2.276268741,5.241302472,0.72044983,53.64703881
4.91,0.000382309,191.1545,0.691081492,2.281384526,5.253082002,0.705404091,54.79128985
4.927,0.00038713,193.565,0.692582562,2.286826832,5.265613373,0.702354741,55.02917225
4.943,0.000391367,195.6835,0.69399061,2.291554208,5.276498558,0.704484445,54.8628153
4.96,0.000395997,197.9985,0.695481676,2.2966619,5.288259455,0.702545244,55.01425043
4.977,0.000400903,200.4515,0.696967641,2.30200931,5.300572322,0.711005301,54.35965097
4.993,0.000405464,202.732,0.698361566,2.306922305,5.31188491,0.716195562,53.96570723
5.01,0.000410424,205.212,0.699837726,2.312202753,5.324043591,0.717143482,53.89437536
5.027,0.000415496,207.748,0.701308885,2.317536852,5.336325807,0.712885914,54.21624865
5.043,0.000420322,210.161,0.702688968,2.322552126,5.347873904,0.710815836,54.37414032
5.06,0.000425246,212.623,0.704150517,2.327610242,5.359520644,0.711921137,54.28972115
5.077,0.000430494,215.247,0.705607163,2.332937107,5.371786206,0.718058055,53.8257314
5.094,0.000435867,217.9335,0.707058941,2.338323994,5.38418997,0.728257233,53.07190681
5.11,0.000440969,220.4845,0.7084209,2.343378064,5.395827398,0.718921951,53.76105143
5.127,0.000446504,223.252,0.709863317,2.348795358,5.408301178,0.717509033,53.86691769
5.144,0.000451633,225.8165,0.71130096,2.353755672,5.419722723,0.722605691,53.48698537
5.16,0.000457122,228.561,0.712649702,2.359002128,5.431803133,0.722086612,53.52543496
5.177,0.000462909,231.4545,0.714078165,2.364465629,5.44438331,0.738760541,52.3173584
5.194,0.000468453,234.2265,0.715501945,2.369636029,5.456288596,0.735247097,52.56736156
5.21,0.000474354,237.177,0.716837723,2.375072571,5.468806698,0.729839776,52.95682869
5.227,0.000480164,240.082,0.7182525,2.3803596,5.480980532,0.724994167,53.31077375
5.244,0.000485955,242.9775,0.719662683,2.385566059,5.492968846,0.719209031,53.73959217
5.261,0.000491871,245.9355,0.721068302,2.390821222,5.505069306,0.728682048,53.0409664
5.277,0.000497852,248.926,0.722387094,2.39607026,5.517155664,0.734480436,52.62223214
5.294,0.000504135,252.0675,0.723783937,2.401516854,5.529696909,0.739727613,52.2489621
5.311,0.000510371,255.1855,0.725176301,2.406855994,5.541990732,0.740604198,52.18711979
5.327,0.000516565,258.2825,0.726482697,2.412094981,5.554053947,0.750065068,51.5288628
5.344,0.000523191,261.5955,0.727866449,2.417630269,5.566799418,0.766360563,50.4331797
5.361,0.000530122,265.061,0.729245807,2.423345832,5.579959988,0.757726541,51.00784768
5.377,0.000536891,268.4455,0.730540036,2.428856128,5.592647914,0.758248972,50.97270345
5.394,0.000543261,271.6305,0.731910942,2.433978533,5.604442687,0.752736984,51.34595593
5.411,0.000550594,275.297,0.733277534,2.439801479,5.617850515,0.750880968,51.47287206
5.428,0.000557658,278.829,0.734639839,2.445337941,5.630598691,0.760742204,50.80564717
5.444,0.000564401,282.2005,0.735918117,2.450557779,5.642617811,0.764340955,50.56643863
5.461,0.000571774,285.887,0.737272177,2.456194407,5.655596628,0.779874581,49.55925084
5.478,0.000579613,289.8065,0.738622028,2.462108122,5.669213459,0.775908735,49.81255945
5.494,0.000587089,293.5445,0.739888655,2.467673948,5.682029246,0.778814436,49.62671237
5.511,0.000594296,297.148,0.741230411,2.472972812,5.694230331,0.770802796,50.14252698
5.528,0.000602597,301.2985,0.742568034,2.47899697,5.708101468,0.759215999,50.90777859
5.544,0.000609905,304.9525,0.743823222,2.484232198,5.720156027,0.76221287,50.70761922
5.561,0.000617468,308.734,0.745152895,2.48958446,5.732480065,0.752832755,51.33942396
5.578,0.000625648,312.824,0.74647851,2.495300065,5.745640732,0.763641124,50.61277971
5.595,0.000633821,316.9105,0.747800091,2.500936629,5.7586194,0.776970593,49.7444824
5.611,0.000641845,320.9225,0.749040269,2.506400167,5.771199661,0.774840212,49.88125215
5.628,0.000650479,325.2395,0.750354089,2.512203285,5.784561834,0.78735525,49.08838797
5.645,0.00065886,329.43,0.751663946,2.517763146,5.797363888,0.786493428,49.14217794
5.661,0.000667837,333.9185,0.752893155,2.523640481,5.810896951,0.782864637,49.36996533
5.678,0.000676446,338.223,0.754195388,2.529203137,5.823705441,0.799067973,48.36885132
5.695,0.000685327,342.6635,0.755493728,2.534867846,5.836748916,0.792217304,48.78711913
5.711,0.000695011,347.5055,0.75671216,2.540961683,5.850780492,0.787812657,49.05988708
5.728,0.000703901,351.9505,0.758003009,2.546481587,5.863490541,0.783254215,49.34540953
5.745,0.000712809,356.4045,0.759290033,2.551943179,5.876066322,0.775153015,49.86112323
5.762,0.00072272,361.36,0.760573254,2.557940078,5.889874691,0.788119728,49.04077215
5.778,0.000732012,366.006,0.761777538,2.563488205,5.902649727,0.795923863,48.55992109
5.795,0.000741837,370.9185,0.76305344,2.569278495,5.915982362,0.804900446,48.01836079
5.812,0.000751897,375.9485,0.764325606,2.575128356,5.929452166,0.80059506,48.27659067
5.828,0.000762373,381.1865,0.765519543,2.581137511,5.943288757,0.800381635,48.2894638
5.845,0.000772022,386.011,0.766784515,2.586599681,5.955865866,0.81011454,47.70930292
5.862,0.000782685,391.3425,0.768045814,2.592557015,5.969583136,0.802858691,48.14047657
5.878,0.000793704,396.852,0.769229582,2.598628573,5.983563415,0.805563153,47.97885787
5.895,0.000804003,402.0015,0.770483809,2.604227674,5.99645582,0.807453693,47.86652205
5.912,0.000814674,407.337,0.771734425,2.609953861,6.009640853,0.809025203,47.77354259
5.929,0.000826776,413.388,0.77298145,2.616357866,6.024386619,0.822970818,46.96399816
5.945,0.00083768,418.84,0.774151859,2.622048151,6.037488985,0.831068385,46.5064015
5.962,0.000849282,424.641,0.775391972,2.628021924,6.051244106,0.829277061,46.60686016
5.979,0.000861546,430.773,0.776628553,2.634248475,6.065581269,0.826040028,46.78950012
5.995,0.000873335,436.6675,0.777789187,2.64015087,6.079172036,0.825629052,46.8127907
6.012,0.000885071,442.5355,0.779018972,2.645948115,6.092520687,0.830658657,46.52934114
6.029,0.000897698,448.849,0.780245284,2.652100262,6.106686528,0.824948932,46.85138497
6.045,0.000910439,455.2195,0.781396305,2.658220857,6.12077972,0.834543113,46.31276613
6.062,0.00092249,461.245,0.782615932,2.663931671,6.133929355,0.828532031,46.64876982
6.079,0.000936097,468.0485,0.783832143,2.670290858,6.148571923,0.829432054,46.59815087
6.096,0.000949113,474.5565,0.785044958,2.676287926,6.162380684,0.845603515,45.70700019
6.112,0.00096231,481.155,0.786183346,2.682285003,6.176189464,0.842569576,45.87158274
6.129,0.000976392,488.196,0.787389621,2.688594217,6.190716965,0.859991102,44.94232549
6.146,0.000990211,495.1055,0.788592556,2.694697751,6.204770871,0.85775822,45.05931755
6.162,0.001004883,502.4415,0.789721694,2.701085503,6.219479215,0.849430751,45.50106048
6.179,0.001019004,509.502,0.790918195,2.707145893,6.233433778,0.863748624,44.74681512
6.196,0.001033213,516.6065,0.792111409,2.713159866,6.247281463,0.850973937,45.41854729
6.212,0.001049146,524.573,0.793231447,2.719805934,6.262584598,0.855179699,45.19517951
6.229,0.001063267,531.6335,0.794418331,2.725612339,6.275954342,0.860200375,44.9313917
6.246,0.001078836,539.418,0.79560198,2.731925434,6.290490781,0.850839574,45.4257197
6.263,0.001095241,547.6205,0.796782412,2.738479697,6.305582529,0.869015378,44.4756226
6.279,0.001110244,555.122,0.797890483,2.744388439,6.319187909,0.872875571,44.27893425
6.296,0.001126992,563.496,0.799064719,2.750890838,6.334160235,0.880320367,43.90447095
6.313,0.00114394,571.97,0.800235789,2.757373251,6.349086542,0.871913744,44.32777928
6.329,0.00116078,580.39,0.801335096,2.763719921,6.363700291,0.870407181,44.40450497
6.346,0.00117665,588.325,0.802500068,2.769617303,6.377279516,0.880750045,43.883052
6.363,0.00119497,597.485,0.803661923,2.776327007,6.392729179,0.871407961,44.35350803
6.379,0.00121298,606.49,0.804752602,2.782823644,6.40768824,0.883971162,43.72314582
6.396,0.00122956,614.78,0.805908455,2.788719731,6.42126448,0.868683711,44.49260361
6.413,0.00124879,624.395,0.80706124,2.795459417,6.436783181,0.865271473,44.66806222
6.43,0.00126685,633.425,0.808210973,2.8016952,6.451141603,0.884923751,43.67607937
6.446,0.00128504,642.52,0.809290301,2.807886651,6.465397945,0.880019644,43.91947416
6.463,0.00130503,652.515,0.810434156,2.8145905,6.480834127,0.8927166,43.29481497
6.48,0.00132423,662.115,0.811575006,2.820933427,6.495439257,0.89093005,43.38163247
6.496,0.00134395,671.975,0.812646016,2.827353116,6.510221137,0.884982573,43.67317636
6.513,0.0013641,682.05,0.813781078,2.833816213,6.525102969,0.896236331,43.12478602
6.53,0.00138443,692.215,0.814913181,2.840241006,6.539896601,0.894784031,43.19478071
6.546,0.0014055,702.75,0.815976001,2.846800854,6.55500121,0.892806774,43.29044213
6.563,0.00142669,713.345,0.817102404,2.853299622,6.569965174,0.890127117,43.42076461
6.58,0.00144772,723.86,0.818225894,2.859654578,6.584598004,0.887464305,43.55104739
6.597,0.00146996,734.98,0.819346484,2.866275521,6.599843288,0.894210198,43.22249967
6.613,0.00149178,745.89,0.820398523,2.872674785,6.614578136,0.89418501,43.22371718
6.63,0.00151439,757.195,0.821513528,2.879207738,6.629620816,0.90811261,42.56080091
6.647,0.00153685,768.425,0.822625679,2.885601486,6.644342966,0.899610943,42.96301671
6.663,0.00156165,780.825,0.823669813,2.89255371,6.660351053,0.895964898,43.13785071
6.68,0.00158366,791.83,0.824776462,2.898631952,6.674346722,0.904194628,42.74522186
6.697,0.00160768,803.84,0.825880299,2.905169613,6.689400244,0.88937311,43.45757655
6.713,0.00163278,816.39,0.826916647,2.911897676,6.704892182,0.898192664,43.03085692
6.73,0.00165649,828.245,0.828015064,2.918158823,6.719309004,0.902401156,42.83017561
6.747,0.00168161,840.805,0.82911071,2.924695286,6.734359766,0.902361742,42.83204642
6.764,0.00170894,854.47,0.830203599,2.931696819,6.750481394,0.9157004,42.20812831
6.78,0.00173401,867.005,0.831229694,2.938021602,6.765044744,0.917050516,42.14598795
6.797,0.00176089,880.445,0.83231727,2.944702231,6.780427461,0.914977102,42.24149428
6.814,0.0017884,894.2,0.833402129,2.951434666,6.795929464,0.908394364,42.54759996
6.83,0.00181553,907.765,0.834420704,2.957973434,6.810985535,0.91452172,42.26252822
6.847,0.00184234,921.17,0.835500328,2.964339786,6.825644601,0.924511652,41.80585492
6.864,0.00187261,936.305,0.836577275,2.971417343,6.841941278,0.917083478,42.14447314
6.88,0.00190139,950.695,0.837588438,2.97804121,6.857193296,0.921277821,41.9526001
6.897,0.00192937,964.685,0.838660226,2.984385526,6.871801623,0.909403574,42.50038278
6.914,0.00196007,980.035,0.839729375,2.991241586,6.887588285,0.901982137,42.85007256
6.931,0.00199079,995.395,0.840795899,2.997995455,6.903139643,0.916978834,42.14928257
6.947,0.00201913,1009.565,0.841797299,3.004134286,6.917274824,0.909369837,42.50195954
6.964,0.00205218,1026.09,0.842858762,3.011185455,6.933510741,0.924835392,41.79122074
6.981,0.00208281,1041.405,0.843917638,3.017619658,6.948326042,0.924410934,41.81040985
6.997,0.00211652,1058.26,0.844911874,3.024592381,6.964381329,0.910824136,42.4340973
7.014,0.00214782,1073.91,0.845965762,3.030967886,6.979061473,0.923131062,41.86837775
7.031,0.00218053,1090.265,0.847017098,3.03753207,6.994176065,0.910392355,42.45422294
7.047,0.00221547,1107.735,0.848004271,3.044435878,7.010072669,0.916726442,42.16088707
7.064,0.00224849,1124.245,0.849050691,3.050860965,7.024866978,0.920655032,41.98097945
7.081,0.00228333,1141.665,0.850094594,3.057538687,7.040243002,0.910557111,42.4465413
7.098,0.00232058,1160.29,0.851135995,3.064566549,7.056425253,0.914361808,42.26991948
7.114,0.00235405,1177.025,0.852113861,3.070785687,7.070745347,0.917272699,42.13577932
7.131,0.00239021,1195.105,0.853150436,3.077406063,7.085989327,0.924953535,41.78588279
7.148,0.00242889,1214.445,0.854184544,3.084377851,7.102042461,0.926221941,41.7286595
7.164,0.00246685,1233.425,0.855155577,3.091112747,7.117550132,0.928508189,41.62591183
7.181,0.00250357,1251.785,0.856184927,3.097529743,7.132325812,0.924609983,41.80140895
7.198,0.002544,1272,0.857211842,3.104487111,7.148345744,0.909952825,42.47472939
7.214,0.00258258,1291.29,0.858176138,3.111023788,7.163396998,0.917991586,42.10278242
7.231,0.0026206,1310.3,0.859198362,3.117370741,7.178011398,0.906199587,42.65064842
7.248,0.00266316,1331.58,0.860218185,3.124367264,7.194121486,0.906447975,42.63896116
7.265,0.00270335,1351.675,0.861235619,3.130872281,7.209099843,0.917898148,42.10706831
7.281,0.00274386,1371.93,0.862191031,3.137331953,7.223973787,0.915273322,42.22782318
7.298,0.00278743,1393.715,0.863203859,3.144173974,7.239728123,0.928228866,41.63843791
7.315,0.00283106,1415.53,0.86421433,3.150919078,7.255259298,0.915237764,42.22946376
7.331,0.00287455,1437.275,0.86516322,3.157539872,7.270504239,0.911485296,42.40331707
7.348,0.00291668,1458.34,0.866169148,3.163858788,7.285054082,0.918846688,42.06360048
7.365,0.00296334,1481.67,0.867172751,3.170751488,7.300925109,0.91145126,42.40490049
7.381,0.00300933,1504.665,0.868115205,3.177439819,7.316325561,0.916452001,42.17351258
7.398,0.00305373,1526.865,0.869114327,3.18380064,7.330971893,0.905625218,42.67769848
7.415,0.00310155,1550.775,0.870111155,3.190548791,7.346510085,0.903564297,42.77504118
7.432,0.00314964,1574.82,0.871105701,3.197230922,7.361896259,0.916497905,42.17140028
7.448,0.0031967,1598.35,0.872039668,3.203671885,7.376727126,0.915724782,42.20700452
7.465,0.00324713,1623.565,0.873029812,3.21046968,7.392379628,0.931802104,41.47876447
7.482,0.00329736,1648.68,0.874017704,3.21713637,7.407730247,0.92590021,41.74315936
7.498,0.00335059,1675.295,0.874945436,3.224091292,7.423744548,0.916610089,42.16623892
7.515,0.00339999,1699.995,0.875928985,3.230447644,7.438380589,0.922777889,41.88440192
7.532,0.00345195,1725.975,0.876910311,3.237034501,7.453547387,0.903140334,42.79512116
7.548,0.00350726,1753.63,0.877831891,3.243937967,7.469443204,0.906156412,42.65268058
7.565,0.00355736,1778.68,0.878808932,3.250097822,7.483626795,0.89891727,42.99617027
7.582,0.00361236,1806.18,0.87978378,3.256761029,7.498969397,0.895404568,43.16484568
7.599,0.00366807,1834.035,0.880756445,3.263407619,7.514273737,0.906036699,42.65831619
7.615,0.00372351,1861.755,0.881669908,3.269922529,7.52927487,0.90864183,42.53601225
7.632,0.00377928,1889.64,0.882638362,3.276379074,7.544141614,0.913751841,42.29813641
7.649,0.00383934,1919.67,0.883604661,3.283226578,7.559908575,0.902975437,42.80293618
7.665,0.00389696,1948.48,0.884512159,3.289695952,7.57480486,0.904895428,42.71211765
7.682,0.0039541,1977.05,0.885474303,3.296017653,7.589361114,0.905850662,42.66707706
7.699,0.00401619,2008.095,0.88643432,3.302784255,7.60494179,0.898739056,43.00469611
7.715,0.00407727,2038.635,0.88733593,3.309339476,7.620035745,0.904696298,42.72151891
7.732,0.00413674,2068.37,0.888291845,3.31562823,7.634516136,0.897117655,43.08242042
7.749,0.00420166,2100.83,0.889245661,3.322390911,7.650087784,0.889755531,43.43889829
7.766,0.00426594,2132.97,0.890197386,3.328984747,7.665270654,0.899296864,42.97802156
7.782,0.00432657,2163.285,0.891091226,3.335113739,7.679383179,0.895171834,43.17606804
7.799,0.00439449,2197.245,0.89203892,3.341878485,7.694959582,0.910476062,42.4503198
7.816,0.00446106,2230.53,0.892984551,3.348408069,7.709994504,0.894243442,43.22089284
7.832,0.00453095,2265.475,0.893872679,3.355159274,7.725539729,0.881815065,43.83005183
7.849,0.00459164,2295.82,0.894814329,3.360937835,7.738845357,0.885006625,43.67198947
7.866,0.00466232,2331.16,0.895753942,3.367572083,7.754121277,0.873625268,44.24093648
7.882,0.00473307,2366.535,0.896636431,3.374112932,7.769182139,0.887553299,43.54668056
7.899,0.00480029,2400.145,0.897572114,3.38023748,7.783284431,0.877414668,44.04986767
7.916,0.00487307,2436.535,0.898505786,3.386772654,7.798332227,0.876780078,44.08174974
7.933,0.00494625,2473.125,0.899437454,3.393246068,7.813237812,0.884762003,43.68406405
7.949,0.00501886,2509.43,0.900312497,3.399575086,7.827810915,0.880172584,43.91184265
7.966,0.00509279,2546.395,0.901240302,3.405925773,7.842433912,0.88682223,43.58257909
7.983,0.0051686,2584.3,0.902166129,3.412342928,7.857209957,0.875059781,44.16841092
7.999,0.00524643,2623.215,0.903035697,3.418833887,7.872155944,0.869627588,44.44431217
8.016,0.00531977,2659.885,0.903957709,3.42486286,7.886038168,0.87969476,43.93569422
8.033,0.00539776,2698.88,0.904877767,3.431183575,7.900592151,0.869887777,44.43101862
8.049,0.00548173,2740.865,0.905741927,3.437887645,7.916028843,0.874656538,44.18877389
8.066,0.00555764,2778.82,0.906658218,3.443860416,7.929781656,0.869291707,44.4614848
8.083,0.00563971,2819.855,0.907572579,3.450226777,7.944440744,0.865938689,44.63364495
8.1,0.00572464,2862.32,0.908485019,3.456718185,7.959387764,0.871447682,44.35148639
8.116,0.00580834,2904.17,0.909342038,3.463022035,7.973902914,0.866087227,44.62599007
8.133,0.00588989,2944.945,0.910250772,3.469077188,7.98784542,0.867343009,44.56137837
8.15,0.00597679,2988.395,0.911157609,3.475438001,8.002491733,0.857224908,45.08735064
8.166,0.00606472,3032.36,0.912009376,3.481780759,8.017096473,0.864453898,44.71030797
8.183,0.00614875,3074.375,0.912912551,3.48775684,8.030856908,0.864521468,44.70681348
8.2,0.0062415,3120.75,0.913813852,3.494258979,8.045828637,0.85302922,45.30911617
8.216,0.00632989,3164.945,0.914660431,3.500366167,8.059890957,0.856516987,45.12461584
8.233,0.0064186,3209.3,0.915558115,3.506410316,8.073808124,0.847852053,45.58578335
8.25,0.00651261,3256.305,0.916453949,3.512725076,8.088348396,0.855853716,45.15958658
8.267,0.00660754,3303.77,0.917347938,3.519009805,8.10281952,0.85776639,45.05888835
8.283,0.00670347,3351.735,0.918187661,3.525269674,8.117233401,0.846368034,45.66571331
8.3,0.00679648,3398.24,0.919078092,3.531254048,8.13101293,0.847200598,45.62083657
8.317,0.00689134,3445.67,0.919966701,3.537273682,8.144873649,0.835593399,46.25455401
8.333,0.00699172,3495.86,0.920801382,3.543554032,8.15933469,0.834251685,46.32894447
8.35,0.00708677,3543.385,0.921686475,3.549418342,8.172837764,0.845531988,45.71086671
8.367,0.00718542,3592.71,0.922569769,3.555422163,8.186662071,0.829274834,46.60698531
8.383,0.00729218,3646.09,0.923399466,3.561827385,8.20141064,0.836348715,46.21278101
8.4,0.00738677,3693.385,0.924279286,3.567424581,8.214298661,0.833809491,46.3535141
8.417,0.00749497,3747.485,0.925157327,3.573739903,8.228840227,0.834627783,46.30806782
8.434,0.00760168,3800.84,0.926033597,3.579879588,8.242977374,0.830387193,46.54455216
8.45,0.00770991,3854.955,0.926856709,3.586019313,8.257114613,0.815608829,47.38791274
8.467,0.00780663,3903.315,0.92772956,3.591433601,8.269581471,0.822591585,46.98564965
8.484,0.00791677,3958.385,0.92860066,3.597518032,8.283591393,0.812174361,47.58830351
8.5,0.00803196,4015.98,0.929418926,3.603791541,8.298036681,0.828221295,46.66627175
8.517,0.00813421,4067.105,0.930286647,3.609285385,8.310686723,0.832881069,46.40518487
8.534,0.00825283,4126.415,0.931152639,3.615572904,8.32516427,0.823652694,46.92511815
8.55,0.00836927,4184.635,0.931966115,3.621657583,8.339174763,0.830972984,46.51174077
8.567,0.00848188,4240.94,0.932828767,3.627462128,8.352540222,0.81997853,47.13538051
8.584,0.00859965,4299.825,0.933689709,3.63345078,8.366329603,0.817426444,47.2825418
8.601,0.00872199,4360.995,0.934548948,3.639585589,8.380455521,0.819213905,47.17937496
8.617,0.00883956,4419.78,0.935356093,3.645400652,8.3938452,0.818024466,47.24797556
8.634,0.00895847,4479.235,0.936212044,3.651203848,8.407207552,0.82135138,47.05659591
8.651,0.00908505,4542.525,0.937066312,3.657297326,8.421238304,0.812664459,47.55960421
8.667,0.00921038,4605.19,0.937868797,3.663247553,8.434939207,0.815297153,47.40602841
8.684,0.00933011,4665.055,0.938719815,3.668856768,8.447854903,0.816334886,47.34576538
8.701,0.00946255,4731.275,0.939569169,3.674978192,8.461950001,0.805682421,47.97175537
8.717,0.00959164,4795.82,0.940367046,3.680862874,8.475499984,0.810350403,47.69541649
8.734,0.00971613,4858.065,0.941213188,3.686463321,8.488395489,0.796720121,48.51138937
8.751,0.00985177,4925.885,0.942057684,3.692484269,8.502259233,0.785820973,49.18423069
8.768,0.00998286,4991.43,0.942900541,3.698224985,8.515477721,0.774921825,49.87599881
